IP Address,Login Source,Login Date & Time
67.243.209.50,Web,"Jun 3, 2019, 8:46:31 PM"
67.243.209.50,Web,"Jun 10, 2019, 2:53:10 AM"
67.243.209.50,Web,"Jun 10, 2019, 2:10:31 AM"
174.199.4.194,Mobile,"Jun 2, 2019, 3:11:27 PM"
67.243.209.50,Web,"Jun 8, 2019, 3:46:50 PM"
67.243.209.50,Web,"Jun 10, 2019, 2:13:07 AM"
208.91.121.54,Web,"Jun 13, 2019, 2:22:33 PM"
67.243.209.50,Web,"Jul 11, 2019, 11:27:16 AM"
67.243.209.50,Web,"Jul 17, 2019, 12:16:38 AM"
174.199.17.243,Web,"Dec 25, 2019, 6:56:39 PM"
74.71.70.125,Web,"Jan 4, 2020, 3:19:13 PM"
74.71.70.125,Web,"Jan 21, 2020, 12:56:31 PM"
208.91.121.54,Web,"Jan 27, 2020, 3:45:06 PM"
208.91.121.54,Web,"Jan 30, 2020, 7:39:52 PM"
2600:1017:b8ac:1215:fd75:37c:e182:edee,Mobile,"Feb 1, 2020, 3:14:59 PM"
74.71.70.125,Web,"Feb 3, 2020, 11:20:24 PM"
208.91.121.54,Web,"Feb 10, 2020, 8:42:50 PM"
74.71.70.125,Web,"Mar 8, 2020, 2:39:36 PM"
74.71.70.125,Web,"Mar 9, 2020, 11:02:11 PM"
74.71.70.125,Web,"Mar 9, 2020, 11:04:54 PM"
74.71.70.125,Web,"Mar 13, 2020, 7:59:29 PM"
173.48.227.73,Web,"Nov 29, 2020, 3:12:19 PM"
65.96.110.11,Web,"Dec 1, 2020, 2:10:40 PM"
