Promotion Seen,Timestamp
Feed Follow Option Coachmark,1590722126
translation missing: en-US.lib.export.portability_exporter.metering.label.CUMULATIVE_STATS_FEATURE_ED_DISMISS_BUTTON,1590023102
Grade Adjusted Pace Activity Detail Upsell,1591120578
Grade Adjusted Pace Activity Detail Upsell,1591197261
Grade Adjusted Pace Activity Detail Upsell,1591357240
Grade Adjusted Pace Activity Detail Upsell,1591789410
Grade Adjusted Pace Activity Detail Upsell,1592312296
Grade Adjusted Pace Activity Detail Upsell,1592502030
Grade Adjusted Pace Activity Detail Upsell,1601041539
translation missing: en-US.lib.export.portability_exporter.metering.label.GOALS_PROFILE_FEATURE_EDUCATION,1597664053
translation missing: en-US.lib.export.portability_exporter.metering.label.GOALS_PROFILE_FEATURE_EDUCATION,1597664056
translation missing: en-US.lib.export.portability_exporter.metering.label.GOALS_PROFILE_FEATURE_EDUCATION,1597699302
translation missing: en-US.lib.export.portability_exporter.metering.label.GOALS_PROFILE_FEATURE_EDUCATION,1598357173
translation missing: en-US.lib.export.portability_exporter.metering.label.GOALS_PROFILE_FEATURE_EDUCATION,1598445849
translation missing: en-US.lib.export.portability_exporter.metering.label.GOALS_PROFILE_FEATURE_EDUCATION,1598555496
